[ {
  "duration" : 0.06529200077056885,
  "eventName" : "sdk:pre-test",
  "startTime" : 2.97391978425458E8,
  "success" : true,
  "worker" : 1,
  "failure" : null,
  "details" : null,
  "entryType" : "measure",
  "platform" : 0,
  "command" : null,
  "testName" : null,
  "hookType" : ""
}, {
  "duration" : 0.060666024684906006,
  "eventName" : "sdk:pre-test",
  "startTime" : 2.980254857305E8,
  "success" : true,
  "worker" : 1,
  "failure" : null,
  "details" : null,
  "entryType" : "measure",
  "platform" : 0,
  "command" : null,
  "testName" : null,
  "hookType" : ""
}, {
  "duration" : 0.049708008766174316,
  "eventName" : "sdk:pre-test",
  "startTime" : 2.98183980185E8,
  "success" : true,
  "worker" : 1,
  "failure" : null,
  "details" : null,
  "entryType" : "measure",
  "platform" : 0,
  "command" : null,
  "testName" : null,
  "hookType" : ""
}, {
  "duration" : 0.0065000057220458984,
  "eventName" : "sdk:post-test",
  "startTime" : 2.98185794288166E8,
  "success" : true,
  "worker" : 1,
  "failure" : null,
  "details" : null,
  "entryType" : "measure",
  "platform" : 0,
  "command" : null,
  "testName" : null,
  "hookType" : ""
}, {
  "duration" : 0.10462498664855957,
  "eventName" : "sdk:pre-test",
  "startTime" : 2.982858555235E8,
  "success" : true,
  "worker" : 1,
  "failure" : null,
  "details" : null,
  "entryType" : "measure",
  "platform" : 0,
  "command" : null,
  "testName" : null,
  "hookType" : ""
}, {
  "duration" : 0.03108400001656264,
  "eventName" : "sdk:pre-test",
  "startTime" : 494953.103166,
  "success" : true,
  "worker" : 1,
  "failure" : null,
  "details" : null,
  "entryType" : "measure",
  "platform" : 0,
  "command" : null,
  "testName" : null,
  "hookType" : ""
}, {
  "duration" : 0.03333300165832043,
  "eventName" : "sdk:pre-test",
  "startTime" : 8506794.718584,
  "success" : true,
  "worker" : 1,
  "failure" : null,
  "details" : null,
  "entryType" : "measure",
  "platform" : 0,
  "command" : null,
  "testName" : null,
  "hookType" : ""
}, {
  "duration" : 0.02779199928045273,
  "eventName" : "sdk:pre-test",
  "startTime" : 8570101.600792,
  "success" : true,
  "worker" : 1,
  "failure" : null,
  "details" : null,
  "entryType" : "measure",
  "platform" : 0,
  "command" : null,
  "testName" : null,
  "hookType" : ""
}, {
  "duration" : 0.0064999982714653015,
  "eventName" : "sdk:post-test",
  "startTime" : 8594931.020292,
  "success" : true,
  "worker" : 1,
  "failure" : null,
  "details" : null,
  "entryType" : "measure",
  "platform" : 0,
  "command" : null,
  "testName" : null,
  "hookType" : ""
}, {
  "duration" : 0.05770899914205074,
  "eventName" : "sdk:pre-test",
  "startTime" : 1.078373687875E7,
  "success" : true,
  "worker" : 1,
  "failure" : null,
  "details" : null,
  "entryType" : "measure",
  "platform" : 0,
  "command" : null,
  "testName" : null,
  "hookType" : ""
}, {
  "duration" : 0.023624999448657036,
  "eventName" : "sdk:pre-test",
  "startTime" : 1.1236709280834E7,
  "success" : true,
  "worker" : 1,
  "failure" : null,
  "details" : null,
  "entryType" : "measure",
  "platform" : 0,
  "command" : null,
  "testName" : null,
  "hookType" : ""
}, {
  "duration" : 0.007959000766277313,
  "eventName" : "sdk:post-test",
  "startTime" : 1.133976838925E7,
  "success" : true,
  "worker" : 1,
  "failure" : null,
  "details" : null,
  "entryType" : "measure",
  "platform" : 0,
  "command" : null,
  "testName" : null,
  "hookType" : ""
}, {
  "duration" : 0.029707999899983406,
  "eventName" : "sdk:pre-test",
  "startTime" : 1.1763919503167E7,
  "success" : true,
  "worker" : 1,
  "failure" : null,
  "details" : null,
  "entryType" : "measure",
  "platform" : 0,
  "command" : null,
  "testName" : null,
  "hookType" : ""
}, {
  "duration" : 0.02883400022983551,
  "eventName" : "sdk:pre-test",
  "startTime" : 1.2187938329875E7,
  "success" : true,
  "worker" : 1,
  "failure" : null,
  "details" : null,
  "entryType" : "measure",
  "platform" : 0,
  "command" : null,
  "testName" : null,
  "hookType" : ""
}, {
  "duration" : 0.013375001028180122,
  "eventName" : "sdk:post-test",
  "startTime" : 1.2264593051334E7,
  "success" : true,
  "worker" : 1,
  "failure" : null,
  "details" : null,
  "entryType" : "measure",
  "platform" : 0,
  "command" : null,
  "testName" : null,
  "hookType" : ""
}, {
  "duration" : 0.6977500021457672,
  "eventName" : "sdk:pre-test",
  "startTime" : 2.9602106918792E7,
  "success" : true,
  "worker" : 1,
  "failure" : null,
  "details" : null,
  "entryType" : "measure",
  "platform" : 0,
  "command" : null,
  "testName" : null,
  "hookType" : ""
}, {
  "duration" : 0.01820800080895424,
  "eventName" : "sdk:post-test",
  "startTime" : 2.9618560672417E7,
  "success" : true,
  "worker" : 1,
  "failure" : null,
  "details" : null,
  "entryType" : "measure",
  "platform" : 0,
  "command" : null,
  "testName" : null,
  "hookType" : ""
}, {
  "duration" : 0.04904099926352501,
  "eventName" : "sdk:pre-test",
  "startTime" : 2.9739679916292E7,
  "success" : true,
  "worker" : 1,
  "failure" : null,
  "details" : null,
  "entryType" : "measure",
  "platform" : 0,
  "command" : null,
  "testName" : null,
  "hookType" : ""
}, {
  "duration" : 0.028874997049570084,
  "eventName" : "sdk:post-test",
  "startTime" : 2.9756515555667E7,
  "success" : true,
  "worker" : 1,
  "failure" : null,
  "details" : null,
  "entryType" : "measure",
  "platform" : 0,
  "command" : null,
  "testName" : null,
  "hookType" : ""
}, {
  "duration" : 0.027875002473592758,
  "eventName" : "sdk:pre-test",
  "startTime" : 2.9899600739667E7,
  "success" : true,
  "worker" : 1,
  "failure" : null,
  "details" : null,
  "entryType" : "measure",
  "platform" : 0,
  "command" : null,
  "testName" : null,
  "hookType" : ""
}, {
  "duration" : 0.005917001515626907,
  "eventName" : "sdk:post-test",
  "startTime" : 2.9957941675708E7,
  "success" : true,
  "worker" : 1,
  "failure" : null,
  "details" : null,
  "entryType" : "measure",
  "platform" : 0,
  "command" : null,
  "testName" : null,
  "hookType" : ""
}, {
  "duration" : 0.048374999314546585,
  "eventName" : "sdk:pre-test",
  "startTime" : 3.0211359249875E7,
  "success" : true,
  "worker" : 1,
  "failure" : null,
  "details" : null,
  "entryType" : "measure",
  "platform" : 0,
  "command" : null,
  "testName" : null,
  "hookType" : ""
}, {
  "duration" : 0.016957998275756836,
  "eventName" : "sdk:post-test",
  "startTime" : 3.0226355141667E7,
  "success" : true,
  "worker" : 1,
  "failure" : null,
  "details" : null,
  "entryType" : "measure",
  "platform" : 0,
  "command" : null,
  "testName" : null,
  "hookType" : ""
}, {
  "duration" : 0.0773329995572567,
  "eventName" : "sdk:pre-test",
  "startTime" : 3.0601182468375E7,
  "success" : true,
  "worker" : 1,
  "failure" : null,
  "details" : null,
  "entryType" : "measure",
  "platform" : 0,
  "command" : null,
  "testName" : null,
  "hookType" : ""
}, {
  "duration" : 0.012166999280452728,
  "eventName" : "sdk:post-test",
  "startTime" : 3.0616874407708E7,
  "success" : true,
  "worker" : 1,
  "failure" : null,
  "details" : null,
  "entryType" : "measure",
  "platform" : 0,
  "command" : null,
  "testName" : null,
  "hookType" : ""
}, {
  "duration" : 0.05545800179243088,
  "eventName" : "sdk:pre-test",
  "startTime" : 3.0994755465917E7,
  "success" : true,
  "worker" : 1,
  "failure" : null,
  "details" : null,
  "entryType" : "measure",
  "platform" : 0,
  "command" : null,
  "testName" : null,
  "hookType" : ""
}, {
  "duration" : 0.029249999672174454,
  "eventName" : "sdk:pre-test",
  "startTime" : 3.1061541192458E7,
  "success" : true,
  "worker" : 1,
  "failure" : null,
  "details" : null,
  "entryType" : "measure",
  "platform" : 0,
  "command" : null,
  "testName" : null,
  "hookType" : ""
}, {
  "duration" : 0.007041998207569122,
  "eventName" : "sdk:post-test",
  "startTime" : 3.1115413815083E7,
  "success" : true,
  "worker" : 1,
  "failure" : null,
  "details" : null,
  "entryType" : "measure",
  "platform" : 0,
  "command" : null,
  "testName" : null,
  "hookType" : ""
}, {
  "duration" : 0.05237499624490738,
  "eventName" : "sdk:pre-test",
  "startTime" : 4.5196866162375E7,
  "success" : true,
  "worker" : 1,
  "failure" : null,
  "details" : null,
  "entryType" : "measure",
  "platform" : 0,
  "command" : null,
  "testName" : null,
  "hookType" : ""
}, {
  "duration" : 0.05129200220108032,
  "eventName" : "sdk:pre-test",
  "startTime" : 4.548639219225E7,
  "success" : true,
  "worker" : 1,
  "failure" : null,
  "details" : null,
  "entryType" : "measure",
  "platform" : 0,
  "command" : null,
  "testName" : null,
  "hookType" : ""
}, {
  "duration" : 0.042709000408649445,
  "eventName" : "sdk:post-test",
  "startTime" : 4.5537616544083E7,
  "success" : true,
  "worker" : 1,
  "failure" : null,
  "details" : null,
  "entryType" : "measure",
  "platform" : 0,
  "command" : null,
  "testName" : null,
  "hookType" : ""
}, {
  "duration" : 0.031000003218650818,
  "eventName" : "sdk:pre-test",
  "startTime" : 4.5652198830083E7,
  "success" : true,
  "worker" : 1,
  "failure" : null,
  "details" : null,
  "entryType" : "measure",
  "platform" : 0,
  "command" : null,
  "testName" : null,
  "hookType" : ""
}, {
  "duration" : 0.008708998560905457,
  "eventName" : "sdk:post-test",
  "startTime" : 4.5699899917958E7,
  "success" : true,
  "worker" : 1,
  "failure" : null,
  "details" : null,
  "entryType" : "measure",
  "platform" : 0,
  "command" : null,
  "testName" : null,
  "hookType" : ""
}, {
  "duration" : 0.0385420024394989,
  "eventName" : "sdk:pre-test",
  "startTime" : 5.3347326379333E7,
  "success" : true,
  "worker" : 1,
  "failure" : null,
  "details" : null,
  "entryType" : "measure",
  "platform" : 0,
  "command" : null,
  "testName" : null,
  "hookType" : ""
}, {
  "duration" : 0.007833003997802734,
  "eventName" : "sdk:post-test",
  "startTime" : 5.34433179945E7,
  "success" : true,
  "worker" : 1,
  "failure" : null,
  "details" : null,
  "entryType" : "measure",
  "platform" : 0,
  "command" : null,
  "testName" : null,
  "hookType" : ""
}, {
  "duration" : 0.029916003346443176,
  "eventName" : "sdk:pre-test",
  "startTime" : 5.3528344306917E7,
  "success" : true,
  "worker" : 1,
  "failure" : null,
  "details" : null,
  "entryType" : "measure",
  "platform" : 0,
  "command" : null,
  "testName" : null,
  "hookType" : ""
}, {
  "duration" : 0.03683299571275711,
  "eventName" : "sdk:pre-test",
  "startTime" : 5.4027297753875E7,
  "success" : true,
  "worker" : 1,
  "failure" : null,
  "details" : null,
  "entryType" : "measure",
  "platform" : 0,
  "command" : null,
  "testName" : null,
  "hookType" : ""
}, {
  "duration" : 0.042500004172325134,
  "eventName" : "sdk:pre-test",
  "startTime" : 5.4070951590417E7,
  "success" : true,
  "worker" : 1,
  "failure" : null,
  "details" : null,
  "entryType" : "measure",
  "platform" : 0,
  "command" : null,
  "testName" : null,
  "hookType" : ""
}, {
  "duration" : 0.008083999156951904,
  "eventName" : "sdk:post-test",
  "startTime" : 5.4146269410083E7,
  "success" : true,
  "worker" : 1,
  "failure" : null,
  "details" : null,
  "entryType" : "measure",
  "platform" : 0,
  "command" : null,
  "testName" : null,
  "hookType" : ""
}, {
  "duration" : 0.02741599828004837,
  "eventName" : "sdk:pre-test",
  "startTime" : 5.5054308805542E7,
  "success" : true,
  "worker" : 1,
  "failure" : null,
  "details" : null,
  "entryType" : "measure",
  "platform" : 0,
  "command" : null,
  "testName" : null,
  "hookType" : ""
}, {
  "duration" : 0.04716700315475464,
  "eventName" : "sdk:pre-test",
  "startTime" : 5.5173302563875E7,
  "success" : true,
  "worker" : 1,
  "failure" : null,
  "details" : null,
  "entryType" : "measure",
  "platform" : 0,
  "command" : null,
  "testName" : null,
  "hookType" : ""
}, {
  "duration" : 0.011249996721744537,
  "eventName" : "sdk:post-test",
  "startTime" : 5.5248988887125E7,
  "success" : true,
  "worker" : 1,
  "failure" : null,
  "details" : null,
  "entryType" : "measure",
  "platform" : 0,
  "command" : null,
  "testName" : null,
  "hookType" : ""
}, {
  "duration" : 0.027083002030849457,
  "eventName" : "sdk:pre-test",
  "startTime" : 6.6324140350084E7,
  "success" : true,
  "worker" : 1,
  "failure" : null,
  "details" : null,
  "entryType" : "measure",
  "platform" : 0,
  "command" : null,
  "testName" : null,
  "hookType" : ""
} ]